-- phpMyAdmin SQL Dump
-- version 3.5.1
-- http://www.phpmyadmin.net
--
-- Хост: 127.0.0.1
-- Время создания: Фев 01 2023 г., 15:59
-- Версия сервера: 5.5.25
-- Версия PHP: 5.3.13

SET SQL_MODE="NO_AUTO_VALUE_ON_ZERO";
SET time_zone = "+00:00";


/*!40101 SET @OLD_CHARACTER_SET_CLIENT=@@CHARACTER_SET_CLIENT */;
/*!40101 SET @OLD_CHARACTER_SET_RESULTS=@@CHARACTER_SET_RESULTS */;
/*!40101 SET @OLD_COLLATION_CONNECTION=@@COLLATION_CONNECTION */;
/*!40101 SET NAMES utf8 */;

--
-- База данных: `новая`
--

-- --------------------------------------------------------

--
-- Структура таблицы `график_поверки`
--

CREATE TABLE IF NOT EXISTS `график_поверки` (
  `Тип_СИ` text,
  `Заводской_номер` varchar(20) DEFAULT NULL,
  `Дата_поверки` date DEFAULT NULL,
  `Место_проведения_поверки` varchar(20) DEFAULT NULL,
  `Стоимость_поверки` decimal(8,2) DEFAULT NULL
) ENGINE=InnoDB DEFAULT CHARSET=utf8;

--
-- Дамп данных таблицы `график_поверки`
--

INSERT INTO `график_поверки` (`Тип_СИ`, `Заводской_номер`, `Дата_поверки`, `Место_проведения_поверки`, `Стоимость_поверки`) VALUES
('R&S HE300 с модулем HE300HF', '101260', '2023-08-20', ' ФБУ "Нижний ЦСМ"', '25000.00'),
('Nikon Laser 600', 'UO018081', '2023-07-20', 'ФБУ "Нижний ЦСМ"', '5000.00'),
('П6-61', '230', '2023-11-20', 'ФБУ "Нижний ЦСМ"', '15000.00'),
('П6-62', '216', '2023-08-20', 'ФБУ "Нижний ЦСМ"', '15000.00'),
('R&S FSH20', '120831', '2023-07-20', 'ФБУ "Нижний ЦСМ"', '40000.00'),
('R&S FSL18', '101310', '2023-08-20', 'ФБУ "Нижний ЦСМ"', '40000.00'),
('LEICA GS05', 'BFB12120079', '2023-07-20', 'ФБУ "Нижний ЦСМ"', '10000.00'),
('EMCO 6507', '00078607', '2023-08-20', 'ФБУ "Нижний ЦСМ"', '25000.00'),
('Аргамак-ИС', '36АРК08-146', '2023-07-20', 'ФБУ "Нижний ЦСМ"', '40000.00'),
('R&S FSP30', '100251', '2023-08-20', 'ФБУ "Нижний ЦСМ"', '40000.00'),
('П6-59', '52', '2023-08-20', 'ФБУ "Нижний ЦСМ"', '25000.00'),
('U3772', '161200183', '2023-08-20', 'ФБУ "Нижний ЦСМ"', '45000.00'),
('ТКА-Люкс', '33 14737', '2024-11-20', 'ФБУ "Нижний ЦСМ"', '5000.00'),
('П6-80/1', '194804', '2023-10-20', 'ФГУП "ВНИИФТРИ"', '35000.00'),
('П6-80/2', '194839', '2023-10-20', 'ФГУП "ВНИИФТРИ"', '35000.00');

-- --------------------------------------------------------

--
-- Структура таблицы `пункты`
--

CREATE TABLE IF NOT EXISTS `пункты` (
  `Наименование` text,
  `Адрес` varchar(30) DEFAULT NULL,
  `Координаты` varchar(20) DEFAULT NULL
) ENGINE=InnoDB DEFAULT CHARSET=utf8;

--
-- Дамп данных таблицы `пункты`
--

INSERT INTO `пункты` (`Наименование`, `Адрес`, `Координаты`) VALUES
('4210-99-01-СП/Чебоксары', 'г. Чебоксары, Президентский бу', '56N0756, 047E1434'),
('4210-01-02-КА/Павлова', 'г. Чебоксары, ул. Павлова, д. ', '56N0824, 047E1021'),
('4210-01-03-КА/Хузангая', 'г.Чебоксары, ул. Хузангая, д.1', '56N0541, 047E1627'),
('4210-01-05-РО/Канаш', 'г. Канаш, ул. Победы, д. 5', '55N3024, 047E2935'),
('4210-01-06-РО/Шумерля', 'г. Шумерля, ул. Ленина, д.3', '55N3006, 046E2406'),
('4210-01-08-РО/Алатырь', 'г. Алатырь, ул. Московская, д.', '54N5022 046E3528');

-- --------------------------------------------------------

--
-- Структура таблицы `учет_рко`
--

CREATE TABLE IF NOT EXISTS `учет_рко` (
  `Вид` varchar(30) DEFAULT NULL,
  `Тип_СИ` varchar(30) DEFAULT NULL,
  `Производитель` varchar(30) DEFAULT NULL,
  `Серийный_номер` int(11) DEFAULT NULL,
  `Инвентарный_номер` int(11) DEFAULT NULL,
  `Дата_выпуска` date DEFAULT NULL,
  `Год_ввода_в_эксплуатацию` int(11) DEFAULT NULL,
  `Дней_до_поверки` int(11) DEFAULT NULL,
  `Размещение` varchar(30) DEFAULT NULL,
  `Состояние` varchar(10) DEFAULT NULL,
  `Идентификатор` int(10) DEFAULT NULL
) ENGINE=InnoDB DEFAULT CHARSET=utf8;

--
-- Дамп данных таблицы `учет_рко`
--

INSERT INTO `учет_рко` (`Вид`, `Тип_СИ`, `Производитель`, `Серийный_номер`, `Инвентарный_номер`, `Дата_выпуска`, `Год_ввода_в_эксплуатацию`, `Дней_до_поверки`, `Размещение`, `Состояние`, `Идентификатор`) VALUES
('Анализатор сетей', 'EtherScope', 'Network Assistant Fluke Corpor', 9575319, 2121000871, '2007-02-12', 2008, 0, '4210-99-01-СП/Чебоксары', 'Индикатор', 1864002421),
('Анализатор спектра', 'FSL18', 'Rohde&Schwarz', 101310, 2121000971, '2012-01-01', 2012, 195, '4210-99-01-СП/Чебоксары', 'В работе', 1801000121),
('Анализатор спектра', 'U3772', 'Advantest', 161200183, 2147483647, '2007-07-01', 2007, 195, '4210-99-01-СП/Чебоксары', 'В работе', 1805000152),
('Антенна измерительная', 'БКАС-ИРГА', 'ООО "Ирга"', 137, 2121000983, '2010-01-07', 2013, 0, '4210-01-02-КА/Павлова', 'Индикатор', 1864003221),
('Антенна измерительная', 'ЛПАС2-ИРГА', 'ООО "Ирга"', 97, 2121000981, '2010-08-30', 2013, 0, '4210-01-02-КА/Павлова', 'Индикатор', 1864003321),
('Антенна измерительная', 'П6-61', 'ОАО "МНИПИ"', 230, 2121000974, '2012-05-20', 2012, 206, '4210-99-01-СП/Чебоксары', 'В работе', 1864001621),
('Антенна измерительная', 'П6-62', 'ОАО "МНИПИ"', 216, 2121000974, '2012-05-15', 2013, 206, '4210-99-01-СП/Чебоксары', 'В работе', 1864001821),
('Антенна измерительная дипольна', 'П6-121', 'ЗАО "СКАРД-Электроникс"', 150514125, 212101035, '2014-08-01', 2014, 0, '4210-01-03-КА/Хузангая', 'Индикатор', 1864003721),
('Антенна измерительная логопери', 'П6-122', 'ЗАО "СКАРД-Электроникс"', 150514180, 212101035, '2014-09-12', 2014, 0, '4210-01-03-КА/Хузангая', 'Индикатор', 1864003821),
('Антенна измерительная рупорная', 'ETS-Lindgren 3116', 'An ESCO Technologies Company E', 69372, 2121000704, '2007-02-14', 2007, 0, '4210-99-01-СП/Чебоксары', 'Неисправно', 1864000721),
('Антенна измерительная рупорная', 'П6-124', 'ЗАО "СКАРД-Электроникс"', 150514244, 212101035, '2014-11-11', 2014, 0, '4210-01-03-КА/Хузангая', 'Индикатор', 1864003921),
('Антенна измерительная рупорная', 'П6-59', 'АО "СКБ РИАП"', 52, 2121000209, '2003-12-29', 2004, 195, '4210-99-01-СП/Чебоксары', 'В работе', 1864001421),
('Антенна измерительная рупорно-', 'П6-80/1', 'ООО "НТЦ "ЭРПА"', 194804, 2121000959, '2011-09-12', 2011, 258, '4210-99-01-СП/Чебоксары', 'В работе', 1864002221),
('Антенна измерительная рупорно-', 'П6-80/2', 'ООО "НТЦ "ЭРПА"', 194839, 2121000960, '2011-09-12', 2011, 258, '4210-99-01-СП/Чебоксары', 'В работе', 1864002321),
('Антенны активные направленные', 'HE300 с модулем HE300HF', 'Rohde&Schwarz', 101260, 2121000971, '2012-08-28', 2012, 206, '4210-99-01-СП/Чебоксары', 'В работе', 1864001321),
('Дальномер безотражательный лаз', 'Nikon Laser 600', 'Nikon Vision Co., Ltd.', 0, 2121000445, '2005-11-21', 2005, 152, '4210-99-01-СП/Чебоксары', 'В работе', 1864002521),
('Дальномер лазерный', 'RGK D1500', 'Dongguan Sndway Electronic Co.', 220244881, 239804504, '2022-12-16', 2023, 314, '4210-99-01-СП/Чебоксары', 'В работе', 32000021),
('Измерители напряженности поля ', 'Аргамак-ИС', 'АО "ИРКОС"', 36, 212101035, '2014-01-14', 2014, 0, '4210-01-03-КА/Хузангая', 'Индикатор', 1863000121),
('Измерители напряженности поля ', 'Аргамак-ИС', 'АО "ИРКОС"', 36, 2121000974, '2012-01-15', 2012, 213, '4210-03-01/Чебоксары', 'В работе', 1805000121),
('Измерительные комплексы', 'Аргумент-И', 'АО "ИРКОС"', 36, 2121000974, '2012-12-07', 2012, 0, '4210-03-01/Чебоксары', 'Индикатор', 26000021),
('Комплекс измерительно-пеленгац', 'Арча-И', 'АО "ИРКОС"', 36, 212101035, '2014-08-23', 2014, 0, '4210-01-03-КА/Хузангая', 'Индикатор', 1850000121),
('Люксметр', 'ТКА-Люкс', 'ООО "НТП "ТКА"', 3314737, 205602571, '2020-11-20', 2020, 283, '4210-99-01-СП/Чебоксары', 'В работе', 25000021),
('Пеленгатор', 'АРК-РП3М', 'АО "ИРКОС"', 36, 2121000973, '2012-12-07', 2013, 0, '4210-99-01-СП/Чебоксары', 'Индикатор', 1864002821),
('Пеленгатор', 'Артикул-СН', 'АО "ИРКОС"', 36, 212101035, '2014-07-07', 2014, 0, '4210-01-03-КА/Хузангая', 'Индикатор', 1851000121),
('Приемник', 'IC-R8500', 'Icom', 1202421, 2121000664, '2007-01-20', 2007, 0, '4210-01-02-КА/Павлова', 'Индикатор', 1864004721),
('Приемник', 'IC-R8500', 'Icom', 1202414, 2121000583, '2006-06-21', 2006, 0, '4210-01-06-РО/Шумерля', 'Индикатор', 1864004621),
('Приемник', 'IC-R8500', 'Icom', 2202465, 2121000837, '2007-06-24', 2007, 0, '4210-01-05-РО/Канаш', 'Индикатор', 1864004921),
('Приемник геодезический', 'Leica Zeno 10', 'Leica Geosystems AG', 0, 2121000970, '2012-05-05', 2012, 158, '4210-99-01-СП/Чебоксары', 'В работе', 1858000121),
('Приемник измерительный', 'PR100', 'Rohde&Schwarz', 102739, 2121000947, '2011-08-07', 2011, 0, '4210-99-01-СП/Чебоксары', 'Индикатор', 1859000121),
('Приемник измерительный', 'PR100', 'Rohde&Schwarz', 103696, 2121000971, '2012-04-05', 2012, 0, '4210-99-01-СП/Чебоксары', 'Индикатор', 1800000121),
('Установка радиоконтроля измери', 'ИУ2/1М', 'ООО "Ирга"', 0, 2121000893, '2008-04-12', 2008, 0, '4210-01-08-РО/Алатырь', 'Индикатор', 1791000121),
('Установка радиоконтроля измери', 'ИУ2/1М', 'ООО "Ирга"', 0, 2121000891, '2008-03-19', 2008, 0, '4210-01-05-РО/Канаш', 'Индикатор', 1789000121),
('Установка радиоконтроля измери', 'ИУ2/1М', 'ООО "Ирга"', 0, 2121000892, '2008-07-09', 2008, 0, '4210-01-06-РО/Шумерля', 'Индикатор', 1790000121),
('Установка радиоконтроля измери', 'ИУ2/1М', 'ООО "Ирга"', 0, 2121000061, '2001-12-21', 2001, 0, '4210-01-02-КА/Павлова', 'Индикатор', 1788000121);

/*!40101 SET CHARACTER_SET_CLIENT=@OLD_CHARACTER_SET_CLIENT */;
/*!40101 SET CHARACTER_SET_RESULTS=@OLD_CHARACTER_SET_RESULTS */;
/*!40101 SET COLLATION_CONNECTION=@OLD_COLLATION_CONNECTION */;
